competition,configuration,ml_weight,poisson_weight,match_count,accuracy,log_loss,brier_score,macro_f1,weighted_f1,draw_recall,away_recall,home_recall
Overall,ML only,1.0,0.0,10343,0.5070095716909987,1.014895534548414,0.5991644290283892,0.4515077867230664,0.485452349465338,0.15517905275317675,0.6338983050847458,0.6185292157298378
Bundesliga,ML only,1.0,0.0,1151,0.4926151172893136,1.0292221740034735,0.606184417180381,0.4183999718100269,0.4598335248190962,0.08070175438596491,0.6025316455696202,0.6496815286624203
Champions League,ML only,1.0,0.0,378,0.5634920634920635,1.0289962573937204,0.584532107172432,0.45244913928012515,0.537945760985667,0.1016949152542373,0.59375,0.6858638743455497
Eredivisie,ML only,1.0,0.0,1200,0.5033333333333333,1.0263702199724674,0.605068527825211,0.44797775778041427,0.48055889777641747,0.1465798045602606,0.672316384180791,0.5955473098330241
La Liga,ML only,1.0,0.0,1508,0.493368700265252,1.0214170345612705,0.6008222846156728,0.45181964242493294,0.4887220157340751,0.21428571428571427,0.596244131455399,0.5809659090909091
Ligue 1,ML only,1.0,0.0,1210,0.5173553719008265,1.0234080295059977,0.6033543973320609,0.45484554980142794,0.49889389282096874,0.16236162361623616,0.6392572944297082,0.6067615658362989
Premier League,ML only,1.0,0.0,1520,0.47960526315789476,1.0376832050529032,0.6189984943983482,0.3955987191336512,0.433890147646094,0.048223350253807105,0.6056910569105691,0.6498422712933754
Primeira Liga,ML only,1.0,0.0,1220,0.5377049180327869,0.9608895910591457,0.5655996513465048,0.5073837738477527,0.5279895803954183,0.2716049382716049,0.6997389033942559,0.5847953216374269
Serie A,ML only,1.0,0.0,1508,0.5185676392572944,1.002300535608956,0.5952001635195214,0.47168733632686405,0.4937705872802133,0.17560975609756097,0.6383399209486166,0.6537162162162162
Turkish Super League,ML only,1.0,0.0,648,0.4984567901234568,1.006437280868721,0.5985094084516753,0.4440622657748851,0.47613108615781824,0.14792899408284024,0.657608695652174,0.6
Overall,Poisson only,0.0,1.0,10343,0.5198685101034516,1.0086516997108712,0.6011918618592287,0.39313775144552743,0.4463805608864835,0.0011551790527531767,0.6551617873651772,0.7216174183514774
Bundesliga,Poisson only,0.0,1.0,1151,0.5178105994787141,1.0226207811509158,0.6081249407124241,0.39161686828452463,0.4445572358855215,0.0,0.6253164556962025,0.7409766454352441
Champions League,Poisson only,0.0,1.0,378,0.5661375661375662,1.0040116343111973,0.5881788471428572,0.4054330682237659,0.5204543723369858,0.0,0.6640625,0.675392670157068
Eredivisie,Poisson only,0.0,1.0,1200,0.515,1.0123278301793224,0.6016210632416666,0.38911201867270373,0.44059235003296804,0.0,0.6666666666666666,0.7087198515769945
La Liga,Poisson only,0.0,1.0,1508,0.5125994694960212,1.006946271736204,0.6014815812301061,0.38685466100143534,0.44656636587023774,0.007936507936507936,0.6431924882629108,0.7045454545454546
Ligue 1,Poisson only,0.0,1.0,1210,0.5190082644628099,1.0052111617763109,0.5984167402479339,0.38502576788291076,0.45574199747517335,0.0,0.6472148541114059,0.6832740213523132
Premier League,Poisson only,0.0,1.0,1520,0.5006578947368421,1.044608876478185,0.6268719696217105,0.38014316020461464,0.42562329610037647,0.0,0.6158536585365854,0.722397476340694
Primeira Liga,Poisson only,0.0,1.0,1220,0.55,0.9561608564514681,0.5678895351065574,0.42002163372440454,0.46625812780613124,0.0,0.720626631853786,0.7699805068226121
Serie A,Poisson only,0.0,1.0,1508,0.519893899204244,1.0101356612865997,0.6035276677718833,0.3996671444497532,0.4375690092400968,0.0,0.6600790513833992,0.7601351351351351
Turkish Super League,Poisson only,0.0,1.0,648,0.5123456790123457,1.0011595974608964,0.5972066519907407,0.38815807938512686,0.43755041082296925,0.0,0.6902173913043478,0.6949152542372882
Overall,70 ML / 30 Poisson,0.7,0.3,10343,0.5182248863965967,1.0015682970095336,0.5935728751781512,0.42298923473783945,0.46795326330667003,0.05429341547939931,0.6687211093990755,0.6774050211064208
Bundesliga,70 ML / 30 Poisson,0.7,0.3,1151,0.5152041702867072,1.0148401090983379,0.6004404280045041,0.4023042358869418,0.4529984563522117,0.014035087719298246,0.6455696202531646,0.7091295116772823
Champions League,70 ML / 30 Poisson,0.7,0.3,378,0.5767195767195767,1.0073392242852892,0.5805148445213522,0.4395870732790743,0.5394605714080598,0.05084745762711865,0.6328125,0.7015706806282722
Eredivisie,70 ML / 30 Poisson,0.7,0.3,1200,0.52,1.0077247502603777,0.5956327514809572,0.43047818266815624,0.47333601781200724,0.06514657980456026,0.7005649717514124,0.660482374768089
La Liga,70 ML / 30 Poisson,0.7,0.3,1508,0.4980106100795756,1.0072543960088804,0.5956723826912685,0.413470812818058,0.4629922100107449,0.07407407407407407,0.6338028169014085,0.6434659090909091
Ligue 1,70 ML / 30 Poisson,0.7,0.3,1210,0.5322314049586777,1.006746446974829,0.595249302632152,0.4311931454788598,0.48874940158883484,0.06642066420664207,0.6816976127320955,0.6565836298932385
Premier League,70 ML / 30 Poisson,0.7,0.3,1520,0.49407894736842106,1.0293155687226958,0.6159249179566751,0.38602230783194497,0.4289235052641695,0.012690355329949238,0.6321138211382114,0.6861198738170347
Primeira Liga,70 ML / 30 Poisson,0.7,0.3,1220,0.5540983606557377,0.946641508926852,0.5593548261384546,0.47454655700078474,0.508252405636919,0.10185185185185185,0.7493472584856397,0.6939571150097466
Serie A,70 ML / 30 Poisson,0.7,0.3,1508,0.513262599469496,0.9948210897173355,0.5921912541363188,0.4277251906933442,0.4587954420351863,0.05853658536585366,0.6600790513833992,0.7027027027027027
Turkish Super League,70 ML / 30 Poisson,0.7,0.3,648,0.5077160493827161,0.9943528775327063,0.592368238617663,0.4072606105529018,0.4508920514396514,0.03550295857988166,0.6902173913043478,0.6644067796610169
Overall,60 ML / 40 Poisson,0.6,0.4,10343,0.520448612588224,0.9994020768385534,0.5928899350755935,0.4135383280365819,0.4616108780989013,0.03311513284559107,0.6714946070878274,0.6927349477893802
Bundesliga,60 ML / 40 Poisson,0.6,0.4,1151,0.5186794092093832,1.0125767111083175,0.59973074518121,0.40176644363573133,0.45305041164787324,0.010526315789473684,0.6506329113924051,0.7154989384288747
Champions League,60 ML / 40 Poisson,0.6,0.4,378,0.5767195767195767,1.0033304000326562,0.5801493349980792,0.439495877141371,0.5396422727649864,0.05084745762711865,0.6328125,0.7015706806282722
Eredivisie,60 ML / 40 Poisson,0.6,0.4,1200,0.5183333333333333,1.0043344214010526,0.5940877854555756,0.41356192543112,0.4608748354750267,0.03257328990228013,0.6949152542372882,0.6790352504638218
La Liga,60 ML / 40 Poisson,0.6,0.4,1508,0.5039787798408488,1.004581833386905,0.5949743565086071,0.40197030849711185,0.4555551810417805,0.03968253968253968,0.6502347417840375,0.6647727272727273
Ligue 1,60 ML / 40 Poisson,0.6,0.4,1210,0.5305785123966942,1.0034346992469234,0.5938092801273578,0.41120562122355353,0.47592335099284355,0.02952029520295203,0.6790450928381963,0.6725978647686833
Premier League,60 ML / 40 Poisson,0.6,0.4,1520,0.49605263157894736,1.0284564970156627,0.6159357484777711,0.3834840463917124,0.42746105518299166,0.007614213197969543,0.6300813008130082,0.695583596214511
Primeira Liga,60 ML / 40 Poisson,0.6,0.4,1220,0.559016393442623,0.9444368835385722,0.5585935587521648,0.4647809975058319,0.5020286332991961,0.07098765432098765,0.7571801566579635,0.7192982456140351
Serie A,60 ML / 40 Poisson,0.6,0.4,1508,0.5172413793103449,0.9942321741555107,0.5922372673245676,0.42300467386721435,0.4556158814634227,0.04390243902439024,0.6640316205533597,0.7195945945945946
Turkish Super League,60 ML / 40 Poisson,0.6,0.4,648,0.5061728395061729,0.992353868083754,0.5914164854150364,0.3944025807962688,0.4412201727481949,0.01775147928994083,0.6847826086956522,0.6745762711864407
Overall,50 ML / 50 Poisson,0.5,0.5,10343,0.5214154500628444,0.9982620806011323,0.5927974505634637,0.40389975876172185,0.45479759434211214,0.015402387370042356,0.6711864406779661,0.7053988002666074
Bundesliga,50 ML / 50 Poisson,0.5,0.5,1151,0.5230234578627281,1.0114270150701994,0.5996235524755815,0.3969718117950456,0.45042642981878483,0.0,0.6481012658227848,0.7346072186836518
Champions League,50 ML / 50 Poisson,0.5,0.5,378,0.5687830687830688,1.0005231751727577,0.5802706144883498,0.4155145651551457,0.5257613519560262,0.01694915254237288,0.6328125,0.6963350785340314
Eredivisie,50 ML / 50 Poisson,0.5,0.5,1200,0.5225,1.002237896364241,0.593342965808212,0.40964432334473266,0.4578972829031818,0.02280130293159609,0.7005649717514124,0.6901669758812616
La Liga,50 ML / 50 Poisson,0.5,0.5,1508,0.513262599469496,1.0028040131991278,0.5947856342220155,0.39870810199425205,0.45579616229480235,0.023809523809523808,0.6549295774647887,0.6903409090909091
Ligue 1,50 ML / 50 Poisson,0.5,0.5,1210,0.5247933884297521,1.0011245828499704,0.593000095486818,0.39516033074761575,0.46443642170468064,0.007380073800738007,0.6737400530503979,0.6743772241992882
Premier League,50 ML / 50 Poisson,0.5,0.5,1520,0.4986842105263158,1.0285299621326194,0.616464256999694,0.38114738610198073,0.42632367602061655,0.0025380710659898475,0.6260162601626016,0.7082018927444795
Primeira Liga,50 ML / 50 Poisson,0.5,0.5,1220,0.5516393442622951,0.9433732617278084,0.5584924618740718,0.43932393691685667,0.48066511897641073,0.030864197530864196,0.7519582245430809,0.7309941520467836
Serie A,50 ML / 50 Poisson,0.5,0.5,1508,0.5159151193633952,0.9945324214259135,0.5928077720041414,0.4093692503610808,0.4445259893988813,0.01951219512195122,0.6679841897233202,0.7297297297297297
Turkish Super League,50 ML / 50 Poisson,0.5,0.5,648,0.5108024691358025,0.9913024059363994,0.5910123839167651,0.3937786245969955,0.44206807148979466,0.011834319526627219,0.6847826086956522,0.688135593220339
Overall,40 ML / 60 Poisson,0.4,0.6,10343,0.522382287537465,0.998138502899112,0.5932954216417615,0.40014129005194565,0.45216765295462125,0.008856372737774355,0.6702619414483821,0.7120639857809375
Bundesliga,40 ML / 60 Poisson,0.4,0.6,1151,0.5204170286707211,1.0113673721786964,0.6001188498876187,0.3942338041243949,0.44741786879089235,0.0,0.640506329113924,0.7346072186836518
Champions League,40 ML / 60 Poisson,0.4,0.6,378,0.5687830687830688,0.9988362285068022,0.5808786829921643,0.4063883085080093,0.5225646023651012,0.0,0.6484375,0.6910994764397905
Eredivisie,40 ML / 60 Poisson,0.4,0.6,1200,0.5233333333333333,1.0014298559028323,0.5933982925388667,0.40026237364584594,0.45059487988804314,0.006514657980456026,0.7033898305084746,0.699443413729128
La Liga,40 ML / 60 Poisson,0.4,0.6,1508,0.5192307692307693,1.0018910097937255,0.5951062158314937,0.3975133487664637,0.4566225291146435,0.015873015873015872,0.6596244131455399,0.7045454545454546
Ligue 1,40 ML / 60 Poisson,0.4,0.6,1210,0.5231404958677686,0.9998065831927458,0.5928217487105323,0.3917386840813188,0.4616242019374578,0.0036900369003690036,0.6710875331564987,0.6743772241992882
Premier League,40 ML / 60 Poisson,0.4,0.6,1520,0.5,1.0295559542566453,0.6175104435224437,0.381368424355923,0.42663342226555273,0.0025380710659898475,0.6260162601626016,0.7113564668769716
Primeira Liga,40 ML / 60 Poisson,0.4,0.6,1220,0.5508196721311476,0.9434412370541801,0.5590515355041753,0.431787231107516,0.47491829490789494,0.018518518518518517,0.7441253263707572,0.7426900584795322
Serie A,40 ML / 60 Poisson,0.4,0.6,1508,0.5185676392572944,0.9957222564565806,0.59390276817504,0.4058980097251134,0.4420401291487649,0.012195121951219513,0.6679841897233202,0.7415540540540541
Turkish Super League,40 ML / 60 Poisson,0.4,0.6,648,0.5108024691358025,0.9911985151295999,0.5911559341228494,0.39306853927466473,0.4409984277826189,0.011834319526627219,0.6793478260869565,0.6915254237288135
