league,league_key,season,url,status,matches,error
Premier League,premier_league,2016-17,https://www.football-data.co.uk/mmz4281/1617/E0.csv,OK,380,
Premier League,premier_league,2017-18,https://www.football-data.co.uk/mmz4281/1718/E0.csv,OK,380,
Premier League,premier_league,2018-19,https://www.football-data.co.uk/mmz4281/1819/E0.csv,OK,380,
Premier League,premier_league,2019-20,https://www.football-data.co.uk/mmz4281/1920/E0.csv,OK,380,
Premier League,premier_league,2020-21,https://www.football-data.co.uk/mmz4281/2021/E0.csv,OK,380,
Premier League,premier_league,2021-22,https://www.football-data.co.uk/mmz4281/2122/E0.csv,OK,380,
Premier League,premier_league,2022-23,https://www.football-data.co.uk/mmz4281/2223/E0.csv,OK,380,
Premier League,premier_league,2023-24,https://www.football-data.co.uk/mmz4281/2324/E0.csv,OK,380,
Premier League,premier_league,2024-25,https://www.football-data.co.uk/mmz4281/2425/E0.csv,OK,380,
Premier League,premier_league,2025-26,https://www.football-data.co.uk/mmz4281/2526/E0.csv,OK,380,
EFL Championship,championship,2016-17,https://www.football-data.co.uk/mmz4281/1617/E1.csv,OK,552,
EFL Championship,championship,2017-18,https://www.football-data.co.uk/mmz4281/1718/E1.csv,OK,552,
EFL Championship,championship,2018-19,https://www.football-data.co.uk/mmz4281/1819/E1.csv,OK,552,
EFL Championship,championship,2019-20,https://www.football-data.co.uk/mmz4281/1920/E1.csv,OK,552,
EFL Championship,championship,2020-21,https://www.football-data.co.uk/mmz4281/2021/E1.csv,OK,552,
EFL Championship,championship,2021-22,https://www.football-data.co.uk/mmz4281/2122/E1.csv,OK,552,
EFL Championship,championship,2022-23,https://www.football-data.co.uk/mmz4281/2223/E1.csv,OK,552,
EFL Championship,championship,2023-24,https://www.football-data.co.uk/mmz4281/2324/E1.csv,OK,552,
EFL Championship,championship,2024-25,https://www.football-data.co.uk/mmz4281/2425/E1.csv,OK,552,
EFL Championship,championship,2025-26,https://www.football-data.co.uk/mmz4281/2526/E1.csv,OK,552,
Bundesliga,bundesliga,2016-17,https://www.football-data.co.uk/mmz4281/1617/D1.csv,OK,306,
Bundesliga,bundesliga,2017-18,https://www.football-data.co.uk/mmz4281/1718/D1.csv,OK,306,
Bundesliga,bundesliga,2018-19,https://www.football-data.co.uk/mmz4281/1819/D1.csv,OK,306,
Bundesliga,bundesliga,2019-20,https://www.football-data.co.uk/mmz4281/1920/D1.csv,OK,306,
Bundesliga,bundesliga,2020-21,https://www.football-data.co.uk/mmz4281/2021/D1.csv,OK,306,
Bundesliga,bundesliga,2021-22,https://www.football-data.co.uk/mmz4281/2122/D1.csv,OK,306,
Bundesliga,bundesliga,2022-23,https://www.football-data.co.uk/mmz4281/2223/D1.csv,OK,306,
Bundesliga,bundesliga,2023-24,https://www.football-data.co.uk/mmz4281/2324/D1.csv,OK,306,
Bundesliga,bundesliga,2024-25,https://www.football-data.co.uk/mmz4281/2425/D1.csv,OK,306,
Bundesliga,bundesliga,2025-26,https://www.football-data.co.uk/mmz4281/2526/D1.csv,OK,306,
La Liga,la_liga,2016-17,https://www.football-data.co.uk/mmz4281/1617/SP1.csv,OK,380,
La Liga,la_liga,2017-18,https://www.football-data.co.uk/mmz4281/1718/SP1.csv,OK,380,
La Liga,la_liga,2018-19,https://www.football-data.co.uk/mmz4281/1819/SP1.csv,OK,380,
La Liga,la_liga,2019-20,https://www.football-data.co.uk/mmz4281/1920/SP1.csv,OK,380,
La Liga,la_liga,2020-21,https://www.football-data.co.uk/mmz4281/2021/SP1.csv,OK,380,
La Liga,la_liga,2021-22,https://www.football-data.co.uk/mmz4281/2122/SP1.csv,OK,380,
La Liga,la_liga,2022-23,https://www.football-data.co.uk/mmz4281/2223/SP1.csv,OK,380,
La Liga,la_liga,2023-24,https://www.football-data.co.uk/mmz4281/2324/SP1.csv,OK,380,
La Liga,la_liga,2024-25,https://www.football-data.co.uk/mmz4281/2425/SP1.csv,OK,380,
La Liga,la_liga,2025-26,https://www.football-data.co.uk/mmz4281/2526/SP1.csv,OK,380,
Serie A,serie_a,2016-17,https://www.football-data.co.uk/mmz4281/1617/I1.csv,OK,380,
Serie A,serie_a,2017-18,https://www.football-data.co.uk/mmz4281/1718/I1.csv,OK,380,
Serie A,serie_a,2018-19,https://www.football-data.co.uk/mmz4281/1819/I1.csv,OK,380,
Serie A,serie_a,2019-20,https://www.football-data.co.uk/mmz4281/1920/I1.csv,OK,380,
Serie A,serie_a,2020-21,https://www.football-data.co.uk/mmz4281/2021/I1.csv,OK,380,
Serie A,serie_a,2021-22,https://www.football-data.co.uk/mmz4281/2122/I1.csv,OK,380,
Serie A,serie_a,2022-23,https://www.football-data.co.uk/mmz4281/2223/I1.csv,OK,380,
Serie A,serie_a,2023-24,https://www.football-data.co.uk/mmz4281/2324/I1.csv,OK,380,
Serie A,serie_a,2024-25,https://www.football-data.co.uk/mmz4281/2425/I1.csv,OK,380,
Serie A,serie_a,2025-26,https://www.football-data.co.uk/mmz4281/2526/I1.csv,OK,380,
Ligue 1,ligue_1,2016-17,https://www.football-data.co.uk/mmz4281/1617/F1.csv,OK,380,
Ligue 1,ligue_1,2017-18,https://www.football-data.co.uk/mmz4281/1718/F1.csv,OK,380,
Ligue 1,ligue_1,2018-19,https://www.football-data.co.uk/mmz4281/1819/F1.csv,OK,380,
Ligue 1,ligue_1,2019-20,https://www.football-data.co.uk/mmz4281/1920/F1.csv,OK,279,
Ligue 1,ligue_1,2020-21,https://www.football-data.co.uk/mmz4281/2021/F1.csv,OK,380,
Ligue 1,ligue_1,2021-22,https://www.football-data.co.uk/mmz4281/2122/F1.csv,OK,380,
Ligue 1,ligue_1,2022-23,https://www.football-data.co.uk/mmz4281/2223/F1.csv,OK,380,
Ligue 1,ligue_1,2023-24,https://www.football-data.co.uk/mmz4281/2324/F1.csv,OK,306,
Ligue 1,ligue_1,2024-25,https://www.football-data.co.uk/mmz4281/2425/F1.csv,OK,306,
Ligue 1,ligue_1,2025-26,https://www.football-data.co.uk/mmz4281/2526/F1.csv,OK,306,
Eredivisie,eredivisie,2016-17,https://www.football-data.co.uk/mmz4281/1617/N1.csv,OK,306,
Eredivisie,eredivisie,2017-18,https://www.football-data.co.uk/mmz4281/1718/N1.csv,OK,306,
Eredivisie,eredivisie,2018-19,https://www.football-data.co.uk/mmz4281/1819/N1.csv,OK,306,
Eredivisie,eredivisie,2019-20,https://www.football-data.co.uk/mmz4281/1920/N1.csv,OK,232,
Eredivisie,eredivisie,2020-21,https://www.football-data.co.uk/mmz4281/2021/N1.csv,OK,306,
Eredivisie,eredivisie,2021-22,https://www.football-data.co.uk/mmz4281/2122/N1.csv,OK,306,
Eredivisie,eredivisie,2022-23,https://www.football-data.co.uk/mmz4281/2223/N1.csv,OK,306,
Eredivisie,eredivisie,2023-24,https://www.football-data.co.uk/mmz4281/2324/N1.csv,OK,306,
Eredivisie,eredivisie,2024-25,https://www.football-data.co.uk/mmz4281/2425/N1.csv,OK,306,
Eredivisie,eredivisie,2025-26,https://www.football-data.co.uk/mmz4281/2526/N1.csv,OK,306,
Primeira Liga,primeira_liga,2016-17,https://www.football-data.co.uk/mmz4281/1617/P1.csv,OK,306,
Primeira Liga,primeira_liga,2017-18,https://www.football-data.co.uk/mmz4281/1718/P1.csv,OK,306,
Primeira Liga,primeira_liga,2018-19,https://www.football-data.co.uk/mmz4281/1819/P1.csv,OK,306,
Primeira Liga,primeira_liga,2019-20,https://www.football-data.co.uk/mmz4281/1920/P1.csv,OK,306,
Primeira Liga,primeira_liga,2020-21,https://www.football-data.co.uk/mmz4281/2021/P1.csv,OK,306,
Primeira Liga,primeira_liga,2021-22,https://www.football-data.co.uk/mmz4281/2122/P1.csv,OK,306,
Primeira Liga,primeira_liga,2022-23,https://www.football-data.co.uk/mmz4281/2223/P1.csv,OK,306,
Primeira Liga,primeira_liga,2023-24,https://www.football-data.co.uk/mmz4281/2324/P1.csv,OK,306,
Primeira Liga,primeira_liga,2024-25,https://www.football-data.co.uk/mmz4281/2425/P1.csv,OK,306,
Primeira Liga,primeira_liga,2025-26,https://www.football-data.co.uk/mmz4281/2526/P1.csv,OK,306,
Turkish Super League,super_lig,2016-17,https://www.football-data.co.uk/mmz4281/1617/T1.csv,OK,306,
Turkish Super League,super_lig,2017-18,https://www.football-data.co.uk/mmz4281/1718/T1.csv,OK,306,
Turkish Super League,super_lig,2018-19,https://www.football-data.co.uk/mmz4281/1819/T1.csv,OK,306,
Turkish Super League,super_lig,2019-20,https://www.football-data.co.uk/mmz4281/1920/T1.csv,OK,306,
Turkish Super League,super_lig,2020-21,https://www.football-data.co.uk/mmz4281/2021/T1.csv,OK,420,
Turkish Super League,super_lig,2021-22,https://www.football-data.co.uk/mmz4281/2122/T1.csv,OK,380,
Turkish Super League,super_lig,2022-23,https://www.football-data.co.uk/mmz4281/2223/T1.csv,OK,342,
Turkish Super League,super_lig,2023-24,https://www.football-data.co.uk/mmz4281/2324/T1.csv,OK,380,
Turkish Super League,super_lig,2024-25,https://www.football-data.co.uk/mmz4281/2425/T1.csv,OK,342,
Turkish Super League,super_lig,2025-26,https://www.football-data.co.uk/mmz4281/2526/T1.csv,OK,306,
Belgian First Division,belgian_first_division,2016-17,https://www.football-data.co.uk/mmz4281/1617/B1.csv,OK,240,
Belgian First Division,belgian_first_division,2017-18,https://www.football-data.co.uk/mmz4281/1718/B1.csv,OK,240,
Belgian First Division,belgian_first_division,2018-19,https://www.football-data.co.uk/mmz4281/1819/B1.csv,OK,240,
Belgian First Division,belgian_first_division,2019-20,https://www.football-data.co.uk/mmz4281/1920/B1.csv,OK,232,
Belgian First Division,belgian_first_division,2020-21,https://www.football-data.co.uk/mmz4281/2021/B1.csv,OK,306,
Belgian First Division,belgian_first_division,2021-22,https://www.football-data.co.uk/mmz4281/2122/B1.csv,OK,306,
Belgian First Division,belgian_first_division,2022-23,https://www.football-data.co.uk/mmz4281/2223/B1.csv,OK,306,
Belgian First Division,belgian_first_division,2023-24,https://www.football-data.co.uk/mmz4281/2324/B1.csv,OK,312,
Belgian First Division,belgian_first_division,2024-25,https://www.football-data.co.uk/mmz4281/2425/B1.csv,OK,312,
Belgian First Division,belgian_first_division,2025-26,https://www.football-data.co.uk/mmz4281/2526/B1.csv,OK,311,
